sim,fp,exact
0,0.0009970664978027344,8.357839345932007
