sim,fp,exact
0,0.0009984970092773438,8.220820188522339
