sim,fp,exact
0,0.001996278762817383,8.255283117294312
