sim,fp,exact
91.57951474189758,0.03199362754821777,0
