sim,fp,exact
90.22291922569275,0.04391646385192871,0
