sim,fp,exact
92.74355411529541,0.03999924659729004,0
