n,d_min,d_max,d_mean,out_in_ratio,deg_corr,inv_ind_density,mape
500,22.0,55.0,38.916,2.6363637,-0.005875120957135647,0.02627030944824219,0.01595009821220782
