n,d_min,d_max,d_mean,out_in_ratio,deg_corr,inv_ind_density,mape
500,23.0,54.0,38.802,2.5652175,0.014210110348020577,0.02637205123901367,0.013925067930619818
