n,d_mean,inv_ind_density,mape
500,38.916,0.02627031,0.01595009821220782
