n,d_mean,inv_ind_density,mape
500,38.802,0.02637205,0.013925067930619818
