sim,fp,exact
58.17475485801697,0.018010377883911133,0
