sim,fp,exact
57.80056285858154,0.021082162857055664,0
