n,d_min,d_max,d_mean,out_in_ratio,deg_corr,inv_ind_density,mape
963,0.0,313.0,39.069572,313.0,1.0,0.09620607877198534,0.030303703533228615
