sim,fp,exact
111.26810550689697,0.04089236259460449,0
