sim,fp,exact
115.76573276519775,0.04299330711364746,0
