sim,fp,exact
12.73723292350769,0.003999948501586914,0
