sim,fp,exact
13.110344648361206,0.003999948501586914,0
