sim,fp,exact
12.78841233253479,0.005007028579711914,0
