n,d_min,d_max,d_mean,out_in_ratio,deg_corr,inv_ind_density,mape
1000,1.0,180.0,5.088,183.0,0.028020990754986274,0.3486172180175781,0.12766196782358233
