sim,fp,exact
111.80311346054077,0.03399968147277832,0
