sim,fp,exact
109.72389316558838,0.03800082206726074,0
