n,d_mean,inv_ind_density,mape
10000,999.7466,0.0010011463,0.004254615339790072
