n,d_min,d_max,d_mean,out_in_ratio,deg_corr,inv_ind_density,mape
10000,854.0,1137.0,999.6308,1.29274,-0.00848012974908935,0.0010012937545776368,0.004154519371116891
