n,d_min,d_max,d_mean,out_in_ratio,deg_corr,inv_ind_density,mape
10000,896.0,1107.0,999.7466,1.25,0.01972959176277519,0.0010011463165283203,0.004254615339790072
