n,d_mean,inv_ind_density,mape
10000,999.6308,0.0010012938,0.004154519371116891
