sim,fp,exact
2448.107961177826,0.9899895191192627,0
