sim,fp,exact
2399.8648965358734,0.9642715454101562,0
