n,d_min,d_max,d_mean,out_in_ratio,deg_corr,inv_ind_density,mape
2000,1.0,249.0,4.876,263.0,0.4572873106854338,0.35416043090820315,0.1132747148460567
