sim,fp,exact
217.24815702438354,0.08499479293823242,0
