n,d_mean,inv_ind_density,mape
200,1.025,0.8117506,0.20246544091565163
