n,d_min,d_max,d_mean,out_in_ratio,deg_corr,inv_ind_density,mape
200,0.0,6.0,1.025,4.0,0.146967094155533,0.5641666793823242,0.14315510603022097
