n,d_min,d_max,d_mean,out_in_ratio,deg_corr,inv_ind_density,mape
200,1.0,4.0,0.98,4.0,0.04237167420578845,0.48541664123535155,0.12210120672834371
