n,d_mean,inv_ind_density,mape
200,0.98,0.7705026,0.18826272133946648
