sim,fp,exact
22.905794382095337,0.004998683929443359,0
