sim,fp,exact
23.284775972366333,0.003995180130004883,0
