n,d_min,d_max,d_mean,out_in_ratio,deg_corr,inv_ind_density,mape
20,5.0,12.0,8.55,2.4,0.2423407052304285,0.12319624423980713,0.048807393394923376
