n,d_mean,inv_ind_density,mape
20,9.55,0.109384224,0.047149431764192805
