n,d_min,d_max,d_mean,out_in_ratio,deg_corr,inv_ind_density,mape
20,5.0,13.0,9.55,3.4,-0.43200947776922377,0.10938422679901123,0.047149431764192805
