n,d_mean,inv_ind_density,mape
20,8.55,0.123196244,0.048807393394923376
