sim,fp,exact
3.653601884841919,0.0019998550415039062,0
