sim,fp,exact
3.651319980621338,0.002432584762573242,0
