n,d_mean,inv_ind_density,mape
200,28.7,0.035972163,0.018981418467358405
