n,d_min,d_max,d_mean,out_in_ratio,deg_corr,inv_ind_density,mape
200,15.0,49.0,28.065,2.9333334,-0.07757176485956113,0.03686612844467163,0.016046805741031716
