n,d_min,d_max,d_mean,out_in_ratio,deg_corr,inv_ind_density,mape
200,15.0,40.0,28.7,3.3333333,-0.06914615942606028,0.03597216367721558,0.018981418467358405
