n,d_mean,inv_ind_density,mape
200,28.065,0.03686613,0.016046805741031716
