sim,fp,exact
24.017688035964966,0.008006572723388672,0
