sim,fp,exact
24.02727222442627,0.008000373840332031,0
