n,d_min,d_max,d_mean,out_in_ratio,deg_corr,inv_ind_density,mape
500,1.0,28.0,3.07,29.0,-0.008790709222496574,0.410590576171875,0.13161733044311524
