sim,fp,exact
55.45265030860901,0.019007444381713867,0
