sim,fp,exact
54.611032485961914,0.017999649047851562,0
