n,d_mean,inv_ind_density,mape
10000,0.3994,0.89875484,0.20195160907094314
