n,d_min,d_max,d_mean,out_in_ratio,deg_corr,inv_ind_density,mape
10000,1.0,6.0,0.3994,5.0,0.02118791108926402,0.2935333251953125,0.07143199721040583
