n,d_mean,inv_ind_density,mape
9997,0.40112033,0.90588737,0.19567167903994304
