n,d_min,d_max,d_mean,out_in_ratio,deg_corr,inv_ind_density,mape
9997,0.0,4.0,0.40112033,4.0,-0.012253757715595602,0.30193225448103184,0.0706320588536632
