sim,fp,exact
1061.048023700714,0.09200000762939453,0
