sim,fp,exact
1065.5137915611267,0.11100006103515625,0
