n,d_min,d_max,d_mean,out_in_ratio,deg_corr,inv_ind_density,mape
5000,1.0,263.0,4.9864,263.0,0.673362632777488,0.3504150390625,0.11885051060215679
