sim,fp,exact
541.1848537921906,0.21065807342529297,0
