n,d_min,d_max,d_mean,out_in_ratio,deg_corr,inv_ind_density,mape
499,1.0,4.0,0.5891784,3.0,0.04154753372219043,0.39328657314629256,0.09210110290823291
