n,d_mean,inv_ind_density,mape
500,0.516,0.88969415,0.17393897989343055
