n,d_min,d_max,d_mean,out_in_ratio,deg_corr,inv_ind_density,mape
500,0.0,3.0,0.516,4.0,0.015096093146351833,0.3683333740234375,0.07638193950999139
