n,d_mean,inv_ind_density,mape
499,0.5891784,0.8645374,0.19282830465387266
