sim,fp,exact
55.407445192337036,0.006002187728881836,0
