sim,fp,exact
55.13638973236084,0.00599980354309082,0
