sim,fp,exact
266.33591628074646,0.10075759887695312,0
