sim,fp,exact
271.7733852863312,0.10099983215332031,0
