n,d_min,d_max,d_mean,out_in_ratio,deg_corr,inv_ind_density,mape
50,1.0,3.0,0.9,3.0,0.07295578322623134,0.5833333587646484,0.14849248566329146
