n,d_mean,inv_ind_density,mape
50,0.9,0.85784316,0.21399106896822895
