n,d_min,d_max,d_mean,out_in_ratio,deg_corr,inv_ind_density,mape
50,0.0,4.0,1.26,5.0,0.05439788212785659,0.5366667175292968,0.13925809184704596
