n,d_mean,inv_ind_density,mape
50,1.26,0.72522527,0.1861914857603606
