sim,fp,exact
6.905918836593628,0.00099945068359375,0
