sim,fp,exact
6.83609676361084,0.001009225845336914,0
