n,d_mean,inv_ind_density,mape
500,0.944,0.7911004,0.21168461025702426
