n,d_mean,inv_ind_density,mape
500,1.012,0.7534079,0.19481954783401365
