n,d_min,d_max,d_mean,out_in_ratio,deg_corr,inv_ind_density,mape
500,0.0,5.0,1.012,4.0,-0.017934909017831603,0.4716333312988281,0.12532883363041825
