n,d_min,d_max,d_mean,out_in_ratio,deg_corr,inv_ind_density,mape
500,1.0,5.0,0.944,5.0,-0.022050858481509613,0.4889000244140625,0.13367337388015124
