sim,fp,exact
55.22985291481018,0.008000373840332031,0
