sim,fp,exact
55.42178702354431,0.010000467300415039,0
