n,d_min,d_max,d_mean,out_in_ratio,deg_corr,inv_ind_density,mape
999,1.0,3.0,0.12112112,2.0,-0.0616399873866395,0.1049382665135839,0.02953238402146966
