n,d_min,d_max,d_mean,out_in_ratio,deg_corr,inv_ind_density,mape
998,0.0,2.0,0.13627255,2.0,-0.05730671405567373,0.12424849699398798,0.027755323699677623
