n,d_mean,inv_ind_density,mape
998,0.13627255,0.96875,0.15981166054938878
