n,d_mean,inv_ind_density,mape
999,0.12112112,0.9530302,0.1980341248244331
