sim,fp,exact
104.972811460495,0.0039980411529541016,0
