sim,fp,exact
106.76970863342285,0.004999637603759766,0
