n,d_min,d_max,d_mean,out_in_ratio,deg_corr,inv_ind_density,mape
200,1.0,98.0,4.84,87.0,0.9894533362377502,0.35634933471679686,0.12165715260417027
