n,d_min,d_max,d_mean,out_in_ratio,deg_corr,inv_ind_density,mape
200,1.0,49.0,3.985,45.0,0.9933059169982312,0.3743026351928711,0.10191185611261601
