sim,fp,exact
23.4548556804657,0.006000041961669922,0
