sim,fp,exact
23.72248363494873,0.007999420166015625,0
