sim,fp,exact
24.307080268859863,0.007928848266601562,0
