sim,fp,exact
23.903663873672485,0.00700688362121582,0
