n,d_min,d_max,d_mean,out_in_ratio,deg_corr,inv_ind_density,mape
50,7.0,23.0,15.52,3.0,0.05280272719331121,0.06814464569091797,0.04577816529454898
