n,d_mean,inv_ind_density,mape
50,15.76,0.06530863,0.02550060422834166
