n,d_mean,inv_ind_density,mape
50,15.52,0.06814465,0.04577816529454898
