n,d_min,d_max,d_mean,out_in_ratio,deg_corr,inv_ind_density,mape
50,9.0,22.0,15.76,2.3333333,0.05526152082956066,0.06530863285064697,0.02550060422834166
