sim,fp,exact
6.994104623794556,0.0019996166229248047,0
