sim,fp,exact
7.010880947113037,0.001992464065551758,0
