n,d_min,d_max,d_mean,out_in_ratio,deg_corr,inv_ind_density,mape
200,1.0,31.0,2.735,33.0,0.04812406681185896,0.4288041305541992,0.17114396073504956
