n,d_min,d_max,d_mean,out_in_ratio,deg_corr,inv_ind_density,mape
200,1.0,18.0,2.785,18.0,-0.0401542166987412,0.41892578125,0.16153128122374352
