sim,fp,exact
23.66779375076294,0.0069997310638427734,0
