sim,fp,exact
22.761516094207764,0.005999326705932617,0
