n,d_mean,inv_ind_density,mape
100,0.84,0.8333334,0.20160502626403598
