n,d_mean,inv_ind_density,mape
100,1.18,0.7575117,0.15569477717724478
