n,d_min,d_max,d_mean,out_in_ratio,deg_corr,inv_ind_density,mape
100,0.0,3.0,0.84,3.0,0.22562315043959866,0.5083333587646485,0.12630947687974944
