n,d_min,d_max,d_mean,out_in_ratio,deg_corr,inv_ind_density,mape
100,1.0,5.0,1.18,4.0,-0.09029709360356959,0.5378332901000976,0.11338839409718754
