sim,fp,exact
12.471828699111938,0.0010004043579101562,0
