sim,fp,exact
12.297153949737549,0.002000570297241211,0
