sim,fp,exact
12.17523193359375,0.002000570297241211,0
