sim,fp,exact
16.36797070503235,0.0019986629486083984,0
