n,d_mean,inv_ind_density,mape
999,0.5145145,0.86160713,0.20203401518848546
