n,d_min,d_max,d_mean,out_in_ratio,deg_corr,inv_ind_density,mape
1000,0.0,5.0,0.512,4.0,-0.049123565892840476,0.3535333251953125,0.07282392400825226
