n,d_mean,inv_ind_density,mape
1000,0.512,0.87943614,0.17032925200146423
