n,d_min,d_max,d_mean,out_in_ratio,deg_corr,inv_ind_density,mape
999,1.0,4.0,0.5145145,6.0,0.032998553993717296,0.3380880880880881,0.08405310964915426
