sim,fp,exact
107.91897583007812,0.015999317169189453,0
