sim,fp,exact
109.34739542007446,0.018006563186645508,0
