n,d_min,d_max,d_mean,out_in_ratio,deg_corr,inv_ind_density,mape
50,0.0,4.0,0.86,3.0,0.026149029399557763,0.4916666793823242,0.12882124972815498
