n,d_mean,inv_ind_density,mape
50,0.86,0.8194445,0.20698529468999735
