sim,fp,exact
6.898509740829468,0.0010018348693847656,0
