sim,fp,exact
7.1021106243133545,0.001999378204345703,0
