n,d_min,d_max,d_mean,out_in_ratio,deg_corr,inv_ind_density,mape
500,1.0,109.0,4.864,105.0,0.06233647452844554,0.34229818725585937,0.11656403610908478
