sim,fp,exact
54.81534790992737,0.018000125885009766,0
