sim,fp,exact
56.226279735565186,0.0190122127532959,0
