sim,fp,exact
876.6047716140747,0.35271406173706055,0
