sim,fp,exact
7.197426080703735,0.0020003318786621094,0
