sim,fp,exact
7.076038599014282,0.0009999275207519531,0
