n,d_mean,inv_ind_density,mape
2000,200.0335,0.005022165,0.0048824547657930085
