n,d_min,d_max,d_mean,out_in_ratio,deg_corr,inv_ind_density,mape
2000,159.0,254.0,200.192,1.5408806,-0.007785674806166158,0.005018123149871826,0.004894217473924932
