n,d_min,d_max,d_mean,out_in_ratio,deg_corr,inv_ind_density,mape
2000,160.0,243.0,200.0335,1.5375,0.046123168704339995,0.005022164821624756,0.0048824547657930085
