n,d_mean,inv_ind_density,mape
2000,200.192,0.005018123,0.004894217473924932
