sim,fp,exact
254.1462640762329,0.09499239921569824,0
