sim,fp,exact
264.05635952949524,0.09999322891235352,0
