n,d_min,d_max,d_mean,out_in_ratio,deg_corr,inv_ind_density,mape
20,2.0,5.0,2.35,2.5,-0.039107893249815,0.45166668891906736,0.21649510919418186
