n,d_min,d_max,d_mean,out_in_ratio,deg_corr,inv_ind_density,mape
20,1.0,3.0,2.15,3.0,0.10074797858182129,0.49166669845581057,0.2634139207019429
