sim,fp,exact
3.5680360794067383,0.00099945068359375,0
