sim,fp,exact
254.49639582633972,0.1259911060333252,0
