n,d_min,d_max,d_mean,out_in_ratio,deg_corr,inv_ind_density,mape
1999,0.0,6.0,1.0045023,5.0,0.02752380594642391,0.5099966365018447,0.12894213138001318
