n,d_min,d_max,d_mean,out_in_ratio,deg_corr,inv_ind_density,mape
2000,1.0,6.0,0.9885,5.0,-0.013273708087604013,0.47250833129882813,0.12574616459508287
