n,d_mean,inv_ind_density,mape
1999,1.0045023,0.7830133,0.19394558519418925
