n,d_mean,inv_ind_density,mape
2000,0.9885,0.760883,0.19710376101858051
