sim,fp,exact
216.12192034721375,0.03858470916748047,0
