sim,fp,exact
216.50736737251282,0.0370631217956543,0
