n,d_min,d_max,d_mean,out_in_ratio,deg_corr,inv_ind_density,mape
10000,0.0,6.0,0.9947,7.0,-0.005357407143919183,0.4867150390625,0.12748268589653064
