n,d_min,d_max,d_mean,out_in_ratio,deg_corr,inv_ind_density,mape
9999,1.0,7.0,1.009501,6.0,-0.025721732626801823,0.4827442705208021,0.1268006323130926
