n,d_mean,inv_ind_density,mape
9999,1.009501,0.7627939,0.19562828697514953
