n,d_mean,inv_ind_density,mape
10000,0.9947,0.7689021,0.1967417101737673
