sim,fp,exact
1076.8765387535095,0.20327520370483398,0
