sim,fp,exact
1077.5065274238586,0.24174928665161133,0
