n,d_min,d_max,d_mean,out_in_ratio,deg_corr,inv_ind_density,mape
20,1.0,6.0,2.55,8.0,-0.05377813488274654,0.4766666889190674,0.180984801971592
