n,d_min,d_max,d_mean,out_in_ratio,deg_corr,inv_ind_density,mape
20,1.0,10.0,3.0,9.0,-0.4679052361034719,0.5501389026641845,0.2523016790432318
