sim,fp,exact
3.6039977073669434,0.0009989738464355469,0
