sim,fp,exact
3.629434823989868,0.0010004043579101562,0
