n,d_min,d_max,d_mean,out_in_ratio,deg_corr,inv_ind_density,mape
2000,0.0,4.0,0.454,4.0,0.031767165805897425,0.3279583435058594,0.07718283685425316
