n,d_mean,inv_ind_density,mape
1998,0.45245245,0.88344914,0.18905459796358184
