n,d_min,d_max,d_mean,out_in_ratio,deg_corr,inv_ind_density,mape
1998,1.0,4.0,0.45245245,5.0,0.016429025836959883,0.3183600470587775,0.07290082597518324
