n,d_mean,inv_ind_density,mape
2000,0.454,0.89240366,0.1963422923259036
