sim,fp,exact
212.91831254959106,0.021006345748901367,0
