sim,fp,exact
212.82631516456604,0.026000261306762695,0
