n,d_min,d_max,d_mean,out_in_ratio,deg_corr,inv_ind_density,mape
5000,1.0,256.0,3.629,272.0,-0.012332358352498348,0.38695224609375,0.137079261344245
