sim,fp,exact
540.754551410675,0.19139456748962402,0
