n,d_min,d_max,d_mean,out_in_ratio,deg_corr,inv_ind_density,mape
1000,1.0,182.0,5.312,179.0,-0.022186914858782252,0.3498531799316406,0.14298620649178884
