sim,fp,exact
109.65791964530945,0.036080121994018555,0
