n,d_min,d_max,d_mean,out_in_ratio,deg_corr,inv_ind_density,mape
10000,1.0,517.0,5.3285,530.0,-0.03178010314945189,0.3499703125,0.13243294490679278
