sim,fp,exact
1088.4155840873718,0.41725587844848633,0
