n,d_min,d_max,d_mean,out_in_ratio,deg_corr,inv_ind_density,mape
1000,1.0,135.0,4.721,136.0,-0.02160431340386701,0.35990798950195313,0.13318997625974613
