sim,fp,exact
109.77639412879944,0.0409998893737793,0
