sim,fp,exact
172.1837387084961,0.06446194648742676,0
