sim,fp,exact
176.35053181648254,0.06573891639709473,0
