n,d_min,d_max,d_mean,out_in_ratio,deg_corr,inv_ind_density,mape
2000,1.0,331.0,4.894,325.0,0.02207036712636749,0.3534794616699219,0.09613337363731768
