sim,fp,exact
216.97247052192688,0.09000778198242188,0
