n,d_mean,inv_ind_density,mape
2000,57.8185,0.017574832,0.010337029222674128
