n,d_min,d_max,d_mean,out_in_ratio,deg_corr,inv_ind_density,mape
2000,33.0,83.0,57.499,2.7272727,-0.001105730404839959,0.01767703628540039,0.00918382780443586
