n,d_mean,inv_ind_density,mape
2000,57.499,0.017677037,0.00918382780443586
