n,d_min,d_max,d_mean,out_in_ratio,deg_corr,inv_ind_density,mape
2000,36.0,88.0,57.8185,2.3055556,-0.007893864117735813,0.01757483100891113,0.010337029222674128
