sim,fp,exact
233.36749172210693,0.0897057056427002,0
