sim,fp,exact
231.58407258987427,0.08299946784973145,0
