n,d_min,d_max,d_mean,out_in_ratio,deg_corr,inv_ind_density,mape
1000,0.0,17.0,6.876,16.0,-0.033184259806767154,0.17498899841308593,0.06894949272936853
