n,d_mean,inv_ind_density,mape
1000,6.876,0.17533968,0.0690744930936908
