n,d_min,d_max,d_mean,out_in_ratio,deg_corr,inv_ind_density,mape
1000,1.0,17.0,7.002,18.0,0.012244268744362833,0.17369952392578125,0.07380032278118161
