n,d_mean,inv_ind_density,mape
1000,7.002,0.1738734,0.07387251467814582
