sim,fp,exact
111.36585283279419,0.039000749588012695,0
