sim,fp,exact
114.23721075057983,0.04200029373168945,0
