sim,fp,exact
148.7975697517395,0.054143428802490234,0
