sim,fp,exact
115.59818983078003,0.04300689697265625,0
