sim,fp,exact
111.00677299499512,0.0409998893737793,0
