sim,fp,exact
114.74833631515503,0.041991472244262695,0
