n,d_min,d_max,d_mean,out_in_ratio,deg_corr,inv_ind_density,mape
50,1.0,7.0,2.74,9.0,-0.15548477157851234,0.4301905059814453,0.24146344076385107
