n,d_min,d_max,d_mean,out_in_ratio,deg_corr,inv_ind_density,mape
50,1.0,11.0,2.8,11.0,-0.16217697081587668,0.450008659362793,0.11873805635896569
