sim,fp,exact
6.84404444694519,0.0020029544830322266,0
