sim,fp,exact
6.900082349777222,0.002000570297241211,0
