sim,fp,exact
120.00718641281128,0.04400014877319336,0
