sim,fp,exact
123.93609070777893,0.04600667953491211,0
