n,d_min,d_max,d_mean,out_in_ratio,deg_corr,inv_ind_density,mape
1000,1.0,24.0,2.912,25.0,-0.025814129521885176,0.41581378173828126,0.12408888475318389
