sim,fp,exact
108.2477126121521,0.0429990291595459,0
