sim,fp,exact
109.71614980697632,0.037999868392944336,0
