n,d_mean,inv_ind_density,mape
10000,84.8147,0.011932192,0.006942777483238917
