n,d_mean,inv_ind_density,mape
10000,84.8423,0.011923767,0.006977209535656908
