n,d_min,d_max,d_mean,out_in_ratio,deg_corr,inv_ind_density,mape
10000,50.0,127.0,84.8147,2.42,-0.00039693693328419577,0.01193219223022461,0.006942777483238917
