n,d_min,d_max,d_mean,out_in_ratio,deg_corr,inv_ind_density,mape
10000,53.0,119.0,84.8423,2.3396227,0.003877395990921087,0.01192376708984375,0.006977209535656908
