sim,fp,exact
1211.763597726822,0.48178839683532715,0
