sim,fp,exact
1225.6092212200165,0.4911463260650635,0
