n,d_min,d_max,d_mean,out_in_ratio,deg_corr,inv_ind_density,mape
100,1.0,4.0,0.6,3.0,-0.05025189076296068,0.35583335876464844,0.07596424979682315
