n,d_mean,inv_ind_density,mape
100,0.6,0.8275194,0.1673415395759661
