n,d_min,d_max,d_mean,out_in_ratio,deg_corr,inv_ind_density,mape
100,0.0,3.0,0.52,4.0,-0.11947174022247843,0.3166666603088379,0.07058710207443684
