n,d_mean,inv_ind_density,mape
100,0.52,0.8333333,0.17216509761743476
