sim,fp,exact
12.170358419418335,0.0010101795196533203,0
