sim,fp,exact
12.450523376464844,0.0010020732879638672,0
