n,d_min,d_max,d_mean,out_in_ratio,deg_corr,inv_ind_density,mape
200,1.0,79.0,4.56,83.0,-0.02627629093357235,0.3588151168823242,0.09064330293874619
