n,d_min,d_max,d_mean,out_in_ratio,deg_corr,inv_ind_density,mape
200,1.0,50.0,4.805,53.0,0.0024502759635674715,0.34334510803222656,0.07269234897596612
