sim,fp,exact
23.225211143493652,0.006999492645263672,0
