sim,fp,exact
23.22867512702942,0.009994745254516602,0
