n,d_min,d_max,d_mean,out_in_ratio,deg_corr,inv_ind_density,mape
5000,1.0,5.0,0.4276,4.0,0.0033002438878396247,0.32207333984375,0.07606015771083512
