n,d_min,d_max,d_mean,out_in_ratio,deg_corr,inv_ind_density,mape
5000,0.0,4.0,0.423,5.0,-0.005880630423011274,0.3040166748046875,0.07302919676713092
