n,d_mean,inv_ind_density,mape
5000,0.423,0.8899785,0.1983977642506582
