n,d_mean,inv_ind_density,mape
5000,0.4276,0.906738,0.19922641467469407
