sim,fp,exact
530.1276836395264,0.0720071792602539,0
