sim,fp,exact
532.6956362724304,0.05128335952758789,0
