n,d_min,d_max,d_mean,out_in_ratio,deg_corr,inv_ind_density,mape
20,1.0,12.0,3.5,10.0,0.007269891966936624,0.43916664123535154,0.13182993367594864
