n,d_min,d_max,d_mean,out_in_ratio,deg_corr,inv_ind_density,mape
20,2.0,6.0,2.75,2.5,0.2800508266904817,0.40833334922790526,0.11930077377222467
