n,d_min,d_max,d_mean,out_in_ratio,deg_corr,inv_ind_density,mape
1000,0.0,9.0,2.641,8.0,-0.05321031786681588,0.4480301818847656,0.15358283879427115
