n,d_mean,inv_ind_density,mape
1000,2.641,0.47612134,0.16271515814979656
