n,d_mean,inv_ind_density,mape
1000,2.666,0.46864438,0.14671290746848503
