n,d_min,d_max,d_mean,out_in_ratio,deg_corr,inv_ind_density,mape
1000,1.0,9.0,2.666,9.0,0.03147214021282746,0.434433349609375,0.1366889255102487
