sim,fp,exact
113.36278414726257,0.03299403190612793,0
