sim,fp,exact
110.16810512542725,0.031999826431274414,0
