n,d_min,d_max,d_mean,out_in_ratio,deg_corr,inv_ind_density,mape
10000,1.0,784.0,5.3638,802.0,0.4986803120149688,0.349597998046875,0.11361031604610311
