sim,fp,exact
1091.5580215454102,0.4432692527770996,0
