sim,fp,exact
2318.037712097168,0.9852128028869629,0
