n,d_min,d_max,d_mean,out_in_ratio,deg_corr,inv_ind_density,mape
50,1.0,17.0,3.86,14.0,0.8268845698693773,0.3670661163330078,0.10099035787323295
