n,d_min,d_max,d_mean,out_in_ratio,deg_corr,inv_ind_density,mape
50,1.0,18.0,3.96,20.0,0.7476824253109557,0.36649208068847655,0.11713153766353714
