sim,fp,exact
6.922814607620239,0.0029993057250976562,0
