sim,fp,exact
6.81360936164856,0.002000570297241211,0
