n,d_min,d_max,d_mean,out_in_ratio,deg_corr,inv_ind_density,mape
500,1.0,114.0,4.77,117.0,0.9980984370667242,0.35085589599609374,0.11570600155533842
