sim,fp,exact
55.092567443847656,0.014999628067016602,0
