n,d_min,d_max,d_mean,out_in_ratio,deg_corr,inv_ind_density,mape
200,1.0,34.0,3.165,32.0,-0.034010526493779426,0.41881092071533205,0.10987649266423773
