n,d_min,d_max,d_mean,out_in_ratio,deg_corr,inv_ind_density,mape
200,1.0,25.0,3.035,23.0,0.0007485174071991586,0.4056523895263672,0.12131264504461224
