sim,fp,exact
23.376799821853638,0.008008956909179688,0
