sim,fp,exact
23.177295923233032,0.0069887638092041016,0
