sim,fp,exact
12.71159291267395,0.004004716873168945,0
