n,d_min,d_max,d_mean,out_in_ratio,deg_corr,inv_ind_density,mape
50,1.0,17.0,3.78,17.0,-0.18054767427880822,0.3567320251464844,0.06932591570183654
