n,d_min,d_max,d_mean,out_in_ratio,deg_corr,inv_ind_density,mape
50,1.0,23.0,3.8,25.0,-0.18495823321402297,0.41910491943359374,0.09542030017111268
