sim,fp,exact
6.81428337097168,0.002492666244506836,0
