sim,fp,exact
6.916764974594116,0.002007722854614258,0
