n,d_min,d_max,d_mean,out_in_ratio,deg_corr,inv_ind_density,mape
200,10.0,32.0,20.015,3.1,-0.032638476634253094,0.05265053749084472,0.028459792149819817
