n,d_mean,inv_ind_density,mape
200,19.535,0.053867742,0.027717212466961284
