n,d_mean,inv_ind_density,mape
200,20.015,0.052650537,0.028459792149819817
