n,d_min,d_max,d_mean,out_in_ratio,deg_corr,inv_ind_density,mape
200,7.0,30.0,19.535,4.285714,-0.03694667230591339,0.053867740631103514,0.027717212466961284
