sim,fp,exact
24.383142948150635,0.0069942474365234375,0
