sim,fp,exact
23.530407905578613,0.006005048751831055,0
