n,d_min,d_max,d_mean,out_in_ratio,deg_corr,inv_ind_density,mape
1000,1.0,299.0,4.813,289.0,0.9970964888169256,0.356037841796875,0.10051009416947437
