sim,fp,exact
109.19273710250854,0.041005849838256836,0
