n,d_min,d_max,d_mean,out_in_ratio,deg_corr,inv_ind_density,mape
50,1.0,29.0,3.86,25.0,-0.12306172041584787,0.407403450012207,0.17490553730991976
