n,d_min,d_max,d_mean,out_in_ratio,deg_corr,inv_ind_density,mape
50,2.0,13.0,3.54,7.0,-0.17766586781282706,0.3775384521484375,0.20086827077045494
