sim,fp,exact
6.82403564453125,0.0009996891021728516,0
