sim,fp,exact
6.877919912338257,0.0010006427764892578,0
