n,d_min,d_max,d_mean,out_in_ratio,deg_corr,inv_ind_density,mape
1000,1.0,116.0,5.055,124.0,0.7432376121195527,0.34696307373046875,0.12755830463558862
