sim,fp,exact
109.26792120933533,0.03500080108642578,0
