n,d_mean,inv_ind_density,mape
4999,1.0108021,0.7613465,0.19538214292712616
