n,d_min,d_max,d_mean,out_in_ratio,deg_corr,inv_ind_density,mape
5000,1.0,7.0,0.9874,6.0,0.020798282021399724,0.4889052734375,0.13176973802600422
