n,d_min,d_max,d_mean,out_in_ratio,deg_corr,inv_ind_density,mape
4999,0.0,7.0,1.0108021,7.0,0.010842591447657708,0.48065804567163434,0.12628014335138893
