n,d_mean,inv_ind_density,mape
5000,0.9874,0.7740742,0.20386687519575541
