sim,fp,exact
540.5203473567963,0.10306477546691895,0
