sim,fp,exact
539.6050102710724,0.11259865760803223,0
