n,d_mean,inv_ind_density,mape
50,4.54,0.26154763,0.07012521954411804
