n,d_mean,inv_ind_density,mape
50,4.72,0.2781905,0.1013830405697229
