n,d_min,d_max,d_mean,out_in_ratio,deg_corr,inv_ind_density,mape
50,1.0,8.0,4.72,11.0,-0.04136749686360424,0.2781904983520508,0.1013830405697229
