n,d_min,d_max,d_mean,out_in_ratio,deg_corr,inv_ind_density,mape
50,1.0,10.0,4.54,9.0,-0.09319405865289959,0.26154762268066406,0.07012521954411804
