sim,fp,exact
7.062527179718018,0.002009868621826172,0
