sim,fp,exact
6.862545728683472,0.001997709274291992,0
