n,d_min,d_max,d_mean,out_in_ratio,deg_corr,inv_ind_density,mape
200,1.0,60.0,4.83,53.0,-0.1278632271000388,0.3559530258178711,0.1564861468471446
