n,d_min,d_max,d_mean,out_in_ratio,deg_corr,inv_ind_density,mape
200,1.0,48.0,4.475,52.0,-0.15272569813551368,0.35527538299560546,0.1354787196099699
