sim,fp,exact
22.9792058467865,0.007999897003173828,0
