sim,fp,exact
23.36484384536743,0.004994392395019531,0
