n,d_min,d_max,d_mean,out_in_ratio,deg_corr,inv_ind_density,mape
100,1.0,11.0,2.54,11.0,-0.03425743581789933,0.4474924087524414,0.18180004951743853
