n,d_min,d_max,d_mean,out_in_ratio,deg_corr,inv_ind_density,mape
100,1.0,19.0,3.03,19.0,0.17343982912076453,0.4221615982055664,0.07742034895000625
