sim,fp,exact
12.105553388595581,0.003000974655151367,0
