sim,fp,exact
12.528642892837524,0.004000186920166016,0
