n,d_mean,inv_ind_density,mape
199,0.6231156,0.8388889,0.18011636836962108
