n,d_mean,inv_ind_density,mape
200,0.555,0.8913858,0.2051045166114512
