n,d_min,d_max,d_mean,out_in_ratio,deg_corr,inv_ind_density,mape
200,0.0,3.0,0.555,4.0,-0.04185316396278117,0.3966666793823242,0.09600009853353417
