n,d_min,d_max,d_mean,out_in_ratio,deg_corr,inv_ind_density,mape
199,1.0,4.0,0.6231156,3.0,0.006612878005339844,0.3793969849246231,0.08564462674810944
