sim,fp,exact
23.178194999694824,0.0010559558868408203,0
