sim,fp,exact
23.41594386100769,0.003000020980834961,0
