n,d_min,d_max,d_mean,out_in_ratio,deg_corr,inv_ind_density,mape
100,1.0,30.0,4.33,27.0,-0.04047603546246612,0.3530145263671875,0.13852570394344338
