n,d_min,d_max,d_mean,out_in_ratio,deg_corr,inv_ind_density,mape
100,1.0,19.0,4.07,21.0,-0.13232113819256464,0.349039306640625,0.18093862608343833
