sim,fp,exact
12.1984384059906,0.0030007362365722656,0
