sim,fp,exact
12.331757307052612,0.003999948501586914,0
