n,d_min,d_max,d_mean,out_in_ratio,deg_corr,inv_ind_density,mape
5000,1.0,63.0,2.8942,62.0,-0.014055936931094946,0.4157392578125,0.1455217409419003
