sim,fp,exact
540.7012701034546,0.20399999618530273,0
