n,d_min,d_max,d_mean,out_in_ratio,deg_corr,inv_ind_density,mape
2000,1.0,113.0,3.5,114.0,0.007532467666861701,0.3921094970703125,0.13357274389371002
