sim,fp,exact
215.76223278045654,0.07999992370605469,0
