sim,fp,exact
220.11517882347107,0.0782463550567627,0
