n,d_min,d_max,d_mean,out_in_ratio,deg_corr,inv_ind_density,mape
50,1.0,5.0,2.28,5.0,0.19478527607361978,0.48066665649414064,0.12598059604265716
