n,d_min,d_max,d_mean,out_in_ratio,deg_corr,inv_ind_density,mape
50,1.0,11.0,2.48,14.0,-0.018881967268759296,0.4604848480224609,0.09846890271232049
