sim,fp,exact
6.742985010147095,0.001996755599975586,0
