sim,fp,exact
6.98585844039917,0.0019998550415039062,0
