n,d_min,d_max,d_mean,out_in_ratio,deg_corr,inv_ind_density,mape
1000,1.0,49.0,3.346,45.0,0.007503439070257425,0.39477105712890626,0.12897873643041413
