sim,fp,exact
111.44984269142151,0.0379941463470459,0
