sim,fp,exact
110.24311804771423,0.037999629974365234,0
