n,d_min,d_max,d_mean,out_in_ratio,deg_corr,inv_ind_density,mape
2000,1.0,92.0,3.009,94.0,-0.019981710024043874,0.414434326171875,0.13675065921206245
