sim,fp,exact
218.61463356018066,0.0800929069519043,0
