sim,fp,exact
216.86144185066223,0.07892894744873047,0
