n,d_min,d_max,d_mean,out_in_ratio,deg_corr,inv_ind_density,mape
100,1.0,16.0,3.41,14.0,-0.09619469221461266,0.3874223709106445,0.1284133767140238
