sim,fp,exact
12.364221572875977,0.0039904117584228516,0
