sim,fp,exact
12.371160745620728,0.004006147384643555,0
