n,d_min,d_max,d_mean,out_in_ratio,deg_corr,inv_ind_density,mape
5000,46.0,101.0,72.559,2.4130435,0.013221013931544382,0.013971682739257812,0.007590382340577444
