n,d_mean,inv_ind_density,mape
5000,72.559,0.013971683,0.007590382340577444
