n,d_mean,inv_ind_density,mape
5000,72.5696,0.013971465,0.007550173079939381
