n,d_min,d_max,d_mean,out_in_ratio,deg_corr,inv_ind_density,mape
5000,44.0,108.0,72.5696,2.340909,0.01563642848949192,0.01397146453857422,0.007550173079939381
