sim,fp,exact
593.0744829177856,0.2283487319946289,0
