sim,fp,exact
590.8876841068268,0.2428121566772461,0
