n,d_min,d_max,d_mean,out_in_ratio,deg_corr,inv_ind_density,mape
200,1.0,42.0,4.54,41.0,0.5155340561020519,0.3696723937988281,0.12375515450498621
