n,d_min,d_max,d_mean,out_in_ratio,deg_corr,inv_ind_density,mape
200,1.0,70.0,4.045,78.0,0.1813027466686588,0.37100318908691404,0.1010292719882529
