sim,fp,exact
23.252645015716553,0.0051686763763427734,0
