sim,fp,exact
23.50113558769226,0.00900578498840332,0
