n,d_min,d_max,d_mean,out_in_ratio,deg_corr,inv_ind_density,mape
5000,1.0,549.0,5.5478,539.0,0.9993282261680199,0.3499252685546875,0.10912393513201037
