sim,fp,exact
542.0050048828125,0.20561552047729492,0
