n,d_min,d_max,d_mean,out_in_ratio,deg_corr,inv_ind_density,mape
1519,1.0,300.0,43.433838,300.0,1.0,0.08573623265460419,0.030266412538564668
