sim,fp,exact
177.93672704696655,0.1120002269744873,0
