sim,fp,exact
175.4218246936798,0.08999991416931152,0
