n,d_min,d_max,d_mean,out_in_ratio,deg_corr,inv_ind_density,mape
100,1.0,44.0,4.15,44.0,0.902311387069331,0.36763236999511717,0.10553467733580106
