n,d_min,d_max,d_mean,out_in_ratio,deg_corr,inv_ind_density,mape
100,1.0,32.0,4.59,30.0,0.3603314623779484,0.3611840057373047,0.13503942254822815
