sim,fp,exact
12.297952651977539,0.004011869430541992,0
