sim,fp,exact
12.447064876556396,0.004000425338745117,0
