n,d_mean,inv_ind_density,mape
1000,99.683,0.01012537,0.007418121645973589
