n,d_min,d_max,d_mean,out_in_ratio,deg_corr,inv_ind_density,mape
1000,68.0,128.0,100.378,1.9264706,-0.03621072758257385,0.010052687644958496,0.006771930216883105
