n,d_min,d_max,d_mean,out_in_ratio,deg_corr,inv_ind_density,mape
1000,71.0,131.0,99.683,1.915493,-0.04787699405563298,0.010125370025634765,0.007418121645973589
