sim,fp,exact
121.8773512840271,0.038994789123535156,0
