sim,fp,exact
120.64654660224915,0.03900146484375,0
