n,d_min,d_max,d_mean,out_in_ratio,deg_corr,inv_ind_density,mape
1000,1.0,5.0,0.953,5.0,0.0008260331107628868,0.4535333557128906,0.12079181870838028
