n,d_min,d_max,d_mean,out_in_ratio,deg_corr,inv_ind_density,mape
1000,0.0,7.0,0.965,7.0,0.01672390083339936,0.5024595336914063,0.13426078486137139
