n,d_mean,inv_ind_density,mape
1000,0.965,0.79377496,0.20769959316723763
