n,d_mean,inv_ind_density,mape
1000,0.953,0.760962,0.19714088034775468
