sim,fp,exact
108.38425421714783,0.018011808395385742,0
