sim,fp,exact
109.28652143478394,0.017000436782836914,0
