n,d_min,d_max,d_mean,out_in_ratio,deg_corr,inv_ind_density,mape
50,1.0,20.0,4.02,17.0,0.053719881667986975,0.367007942199707,0.185279501324338
