n,d_min,d_max,d_mean,out_in_ratio,deg_corr,inv_ind_density,mape
50,1.0,12.0,4.14,14.0,0.33286458998309254,0.34796825408935544,0.08900492213100007
