sim,fp,exact
6.9011266231536865,0.0029990673065185547,0
