sim,fp,exact
6.818636417388916,0.001997232437133789,0
