n,d_min,d_max,d_mean,out_in_ratio,deg_corr,inv_ind_density,mape
2000,1.0,367.0,5.178,353.0,-0.033897402478965326,0.35703106689453123,0.11742485244830374
