sim,fp,exact
216.14957976341248,0.08799862861633301,0
