n,d_mean,inv_ind_density,mape
1000,47.389,0.02151759,0.010039758135466315
