n,d_min,d_max,d_mean,out_in_ratio,deg_corr,inv_ind_density,mape
1000,30.0,76.0,47.672,2.2666667,0.06414015330395896,0.021419628143310547,0.010460192268008747
