n,d_mean,inv_ind_density,mape
1000,47.672,0.021419628,0.010460192268008747
