n,d_min,d_max,d_mean,out_in_ratio,deg_corr,inv_ind_density,mape
1000,29.0,67.0,47.389,2.310345,-0.04687556338843217,0.021517589569091798,0.010039758135466315
