sim,fp,exact
115.87455892562866,0.0439913272857666,0
