sim,fp,exact
115.91675877571106,0.044924020767211914,0
