n,d_min,d_max,d_mean,out_in_ratio,deg_corr,inv_ind_density,mape
2236,1.0,467.0,81.3542,467.0,1.0,0.04881712106557993,0.016489023721905572
