sim,fp,exact
284.2092092037201,0.11100554466247559,0
