sim,fp,exact
273.8883173465729,0.14461684226989746,0
