sim,fp,exact
265.5301339626312,0.10469770431518555,0
