n,d_min,d_max,d_mean,out_in_ratio,deg_corr,inv_ind_density,mape
770,1.0,248.0,43.262337,248.0,1.0,0.11078031465604708,0.03424305002640876
