sim,fp,exact
89.20809364318848,0.033000946044921875,0
