sim,fp,exact
91.76070976257324,0.03400254249572754,0
