sim,fp,exact
92.48626446723938,0.0413203239440918,0
