sim,fp,exact
119.69103217124939,0.04699993133544922,0
