sim,fp,exact
90.88744926452637,0.03500533103942871,0
