n,d_min,d_max,d_mean,out_in_ratio,deg_corr,inv_ind_density,mape
100,1.0,28.0,4.21,30.0,-0.12299882349666479,0.35668922424316407,0.13894140015587508
