n,d_min,d_max,d_mean,out_in_ratio,deg_corr,inv_ind_density,mape
100,1.0,36.0,4.63,27.0,-0.23211866511229445,0.3678736114501953,0.1335896419675537
