sim,fp,exact
12.35252070426941,0.0030002593994140625,0
