sim,fp,exact
12.187957763671875,0.003999948501586914,0
