n,d_min,d_max,d_mean,out_in_ratio,deg_corr,inv_ind_density,mape
2000,1.0,282.0,5.1345,287.0,0.998983031462004,0.35275390625,0.10851575232162494
