sim,fp,exact
216.19301629066467,0.07658743858337402,0
