n,d_min,d_max,d_mean,out_in_ratio,deg_corr,inv_ind_density,mape
200,1.0,89.0,4.23,99.0,-0.05619192725506469,0.368826789855957,0.11468494736443527
