n,d_min,d_max,d_mean,out_in_ratio,deg_corr,inv_ind_density,mape
200,1.0,76.0,4.755,75.0,-0.00828940946831118,0.36312576293945314,0.12723112761370425
