sim,fp,exact
23.383455276489258,0.009001731872558594,0
