sim,fp,exact
22.91447162628174,0.0069997310638427734,0
