n,d_mean,inv_ind_density,mape
20,1.5,0.7519608,0.25325147697891137
