n,d_min,d_max,d_mean,out_in_ratio,deg_corr,inv_ind_density,mape
20,0.0,4.0,1.85,6.0,0.013726844755189016,0.41666669845581056,0.18783585965889021
