n,d_mean,inv_ind_density,mape
20,1.85,0.5208334,0.2308538763332955
