n,d_min,d_max,d_mean,out_in_ratio,deg_corr,inv_ind_density,mape
20,1.0,11.0,3.85,10.0,-0.5014137275062028,0.394684362411499,0.11658035145378243
