n,d_min,d_max,d_mean,out_in_ratio,deg_corr,inv_ind_density,mape
20,1.0,11.0,3.55,10.0,-0.36936110123802496,0.4075216293334961,0.12227356180919077
