sim,fp,exact
3.594947576522827,0.0010099411010742188,0
