sim,fp,exact
3.614009141921997,0.001013040542602539,0
