sim,fp,exact
13.101299524307251,0.0020029544830322266,0
