n,d_min,d_max,d_mean,out_in_ratio,deg_corr,inv_ind_density,mape
20,2.0,5.0,3.35,3.5,-0.35414184543163135,0.34000000953674314,0.20009064045344713
