n,d_min,d_max,d_mean,out_in_ratio,deg_corr,inv_ind_density,mape
20,2.0,9.0,3.2,5.0,-0.11489109391205543,0.36388888359069826,0.09562604144043856
