sim,fp,exact
3.608717203140259,0.0009963512420654297,0
