sim,fp,exact
3.623638391494751,0.000997304916381836,0
