n,d_min,d_max,d_mean,out_in_ratio,deg_corr,inv_ind_density,mape
19,0.0,3.0,1.1578947,4.0,-0.09171704949125858,0.701754419427169,0.10153373141768196
