n,d_mean,inv_ind_density,mape
19,1.1578947,0.8333334,0.12575641022551043
