n,d_min,d_max,d_mean,out_in_ratio,deg_corr,inv_ind_density,mape
500,1.0,116.0,4.806,113.0,-0.03247972274418846,0.36039013671875,0.09836878825852749
