sim,fp,exact
54.924038887023926,0.02199268341064453,0
