n,d_mean,inv_ind_density,mape
500,49.502,0.020600567,0.011463069448095498
