n,d_mean,inv_ind_density,mape
500,49.868,0.020452522,0.009885403548196137
