n,d_min,d_max,d_mean,out_in_ratio,deg_corr,inv_ind_density,mape
500,28.0,69.0,49.502,2.642857,-0.012422779620824513,0.02060056686401367,0.011463069448095498
