n,d_min,d_max,d_mean,out_in_ratio,deg_corr,inv_ind_density,mape
500,32.0,69.0,49.868,2.46875,-0.03705626234130775,0.020452522277832032,0.009885403548196137
