sim,fp,exact
58.71646189689636,0.021002531051635742,0
