sim,fp,exact
60.12945485115051,0.020999670028686523,0
