sim,fp,exact
175.26312589645386,0.06400728225708008,0
