sim,fp,exact
178.18345260620117,0.11564064025878906,0
