n,d_min,d_max,d_mean,out_in_ratio,deg_corr,inv_ind_density,mape
20,1.0,10.0,3.8,11.0,0.9571758671158614,0.38416666984558107,0.08919689204782519
