n,d_min,d_max,d_mean,out_in_ratio,deg_corr,inv_ind_density,mape
20,1.0,7.0,2.95,7.0,0.9534342258440045,0.41547622680664065,0.0675846891765275
