sim,fp,exact
3.6200625896453857,0.0009975433349609375,0
