sim,fp,exact
3.6385512351989746,0.002000570297241211,0
