n,d_min,d_max,d_mean,out_in_ratio,deg_corr,inv_ind_density,mape
5000,1.0,406.0,5.3582,406.0,0.0054048342771406,0.347966943359375,0.1266724373076497
