sim,fp,exact
541.7635743618011,0.2037210464477539,0
