n,d_mean,inv_ind_density,mape
5000,499.1634,0.0020069734,0.004388764981629879
