n,d_min,d_max,d_mean,out_in_ratio,deg_corr,inv_ind_density,mape
5000,425.0,572.0,499.1634,1.3694117,-0.004684165464107682,0.0020069734573364257,0.004388764981629879
