n,d_min,d_max,d_mean,out_in_ratio,deg_corr,inv_ind_density,mape
5000,426.0,580.0,500.1824,1.3497653,0.013063307793763948,0.0020028940200805664,0.004470977608158989
