n,d_mean,inv_ind_density,mape
5000,500.1824,0.002002894,0.004470977608158989
