sim,fp,exact
897.1122567653656,0.3517119884490967,0
