sim,fp,exact
872.9794433116913,0.3486502170562744,0
