n,d_min,d_max,d_mean,out_in_ratio,deg_corr,inv_ind_density,mape
500,1.0,199.0,4.706,194.0,0.21915972030675177,0.36501165771484373,0.1544869641754378
