sim,fp,exact
55.675591230392456,0.013000011444091797,0
