n,d_min,d_max,d_mean,out_in_ratio,deg_corr,inv_ind_density,mape
10000,1.0,110.0,2.9368,112.0,-0.005669014499317552,0.414787255859375,0.1480441106386115
