sim,fp,exact
1080.1974668502808,0.40828990936279297,0
