n,d_mean,inv_ind_density,mape
100,21.25,0.048831955,0.030042622748525618
