n,d_min,d_max,d_mean,out_in_ratio,deg_corr,inv_ind_density,mape
100,12.0,36.0,21.47,2.6666667,-0.09863474081120896,0.04869529247283935,0.020939621645681514
