n,d_min,d_max,d_mean,out_in_ratio,deg_corr,inv_ind_density,mape
100,13.0,33.0,21.25,2.5384614,0.030739359938448372,0.04883195400238037,0.030042622748525618
