n,d_mean,inv_ind_density,mape
100,21.47,0.048695292,0.020939621645681514
