sim,fp,exact
12.652195692062378,0.0050983428955078125,0
