sim,fp,exact
12.566006422042847,0.002999544143676758,0
