n,d_min,d_max,d_mean,out_in_ratio,deg_corr,inv_ind_density,mape
10000,1.0,651.0,5.2241,649.0,-0.003240865197098524,0.3478821044921875,0.1347735845617498
