sim,fp,exact
1084.8255894184113,0.40396976470947266,0
