sim,fp,exact
60.7180016040802,0.021999835968017578,0
