sim,fp,exact
58.808140993118286,0.017001867294311523,0
