n,d_min,d_max,d_mean,out_in_ratio,deg_corr,inv_ind_density,mape
500,1.0,59.0,3.358,57.0,-0.028719329417815825,0.39365423583984377,0.13078990818551217
