sim,fp,exact
56.12361526489258,0.017992258071899414,0
