sim,fp,exact
55.70960521697998,0.021099090576171875,0
