n,d_min,d_max,d_mean,out_in_ratio,deg_corr,inv_ind_density,mape
5000,1.0,950.0,5.5274,942.0,-0.001114833289114779,0.3502615478515625,0.13373110778471947
