sim,fp,exact
542.5553870201111,0.18364262580871582,0
