n,d_min,d_max,d_mean,out_in_ratio,deg_corr,inv_ind_density,mape
50,1.0,25.0,4.02,22.0,0.9679826396755997,0.3747682571411133,0.08001905590068924
