n,d_min,d_max,d_mean,out_in_ratio,deg_corr,inv_ind_density,mape
50,2.0,11.0,3.94,6.5,0.9750730004985398,0.3331197738647461,0.1417770988677797
