sim,fp,exact
6.990153551101685,0.002000093460083008,0
