sim,fp,exact
6.874043703079224,0.0019996166229248047,0
