n,d_min,d_max,d_mean,out_in_ratio,deg_corr,inv_ind_density,mape
100,1.0,22.0,3.75,22.0,0.0382658138884084,0.36562156677246094,0.13356942094803984
