n,d_min,d_max,d_mean,out_in_ratio,deg_corr,inv_ind_density,mape
100,1.0,28.0,4.39,25.0,0.05864117499525516,0.38274307250976564,0.07651018872470444
