sim,fp,exact
12.36542797088623,0.0029985904693603516,0
