sim,fp,exact
12.387715578079224,0.002993345260620117,0
