n,d_min,d_max,d_mean,out_in_ratio,deg_corr,inv_ind_density,mape
2000,1.0,146.0,5.016,151.0,-0.010090166435040604,0.35558950805664064,0.14116299332780288
