sim,fp,exact
221.59870791435242,0.07599425315856934,0
