sim,fp,exact
216.1457324028015,0.07066202163696289,0
