n,d_min,d_max,d_mean,out_in_ratio,deg_corr,inv_ind_density,mape
10000,1.0,3182.0,5.3294,3187.0,0.003431799462857432,0.3560849609375,0.13679892164747498
