sim,fp,exact
1081.4991655349731,0.37958216667175293,0
