n,d_min,d_max,d_mean,out_in_ratio,deg_corr,inv_ind_density,mape
20,1.0,8.0,3.2,7.0,-0.2584936162295882,0.3954166889190674,0.10601485653535506
