n,d_min,d_max,d_mean,out_in_ratio,deg_corr,inv_ind_density,mape
20,2.0,8.0,2.8,2.5,-0.10699175157991861,0.41624999046325684,0.24318173888281827
