sim,fp,exact
3.635828733444214,0.0010020732879638672,0
