n,d_min,d_max,d_mean,out_in_ratio,deg_corr,inv_ind_density,mape
20,1.0,3.0,1.05,3.0,-0.2979351032448377,0.46666665077209474,0.10677543154471363
