n,d_min,d_max,d_mean,out_in_ratio,deg_corr,inv_ind_density,mape
18,0.0,2.0,0.8333333,4.0,-0.0975900072948533,0.5,0.06678613573134883
