n,d_mean,inv_ind_density,mape
20,1.05,0.7179487,0.16121189466949287
