n,d_mean,inv_ind_density,mape
18,0.8333333,0.8181818,0.11002775019007029
