n,d_mean,inv_ind_density,mape
100,10.11,0.10683792,0.05947479228283707
