n,d_min,d_max,d_mean,out_in_ratio,deg_corr,inv_ind_density,mape
100,1.0,19.0,9.86,18.0,-0.05669283964229901,0.12235365867614746,0.042302663909740044
