n,d_min,d_max,d_mean,out_in_ratio,deg_corr,inv_ind_density,mape
100,5.0,17.0,10.11,4.0,0.08786515315721918,0.10683792114257812,0.05947479228283707
