n,d_mean,inv_ind_density,mape
100,9.86,0.12235366,0.042302663909740044
