sim,fp,exact
12.375235557556152,0.003999471664428711,0
