sim,fp,exact
12.651369094848633,0.004000186920166016,0
