sim,fp,exact
26.158535480499268,0.004999399185180664,0
