n,d_min,d_max,d_mean,out_in_ratio,deg_corr,inv_ind_density,mape
10000,1.0,223.0,3.6277,223.0,-0.0017920062528331642,0.385033984375,0.13285788632724585
