sim,fp,exact
1078.494538784027,0.4273948669433594,0
