n,d_min,d_max,d_mean,out_in_ratio,deg_corr,inv_ind_density,mape
1447,1.0,375.0,82.36213,375.0,0.9999999999999999,0.042672774836204755,0.016313994114965168
