sim,fp,exact
172.3253173828125,0.06299853324890137,0
