sim,fp,exact
175.47302174568176,0.058999061584472656,0
