n,d_min,d_max,d_mean,out_in_ratio,deg_corr,inv_ind_density,mape
500,1.0,199.0,4.848,198.0,-0.015928044909803787,0.36565121459960936,0.11819808038874524
