sim,fp,exact
55.25771188735962,0.015110254287719727,0
