n,d_min,d_max,d_mean,out_in_ratio,deg_corr,inv_ind_density,mape
5000,1.0,437.0,5.326,433.0,-0.02544798957632275,0.348671533203125,0.11049523501891322
