sim,fp,exact
542.2039153575897,0.20600509643554688,0
