n,d_min,d_max,d_mean,out_in_ratio,deg_corr,inv_ind_density,mape
100,2.0,23.0,4.38,14.0,0.9833346580400512,0.3480396270751953,0.14172754416126288
