sim,fp,exact
12.271047592163086,0.0029997825622558594,0
