sim,fp,exact
12.54112434387207,0.0029973983764648438,0
