n,d_min,d_max,d_mean,out_in_ratio,deg_corr,inv_ind_density,mape
10000,1.0,3429.0,5.5449,3433.0,0.9997694844693221,0.357437060546875,0.1111250574679219
