sim,fp,exact
1090.5773611068726,0.40575623512268066,0
